code,name,type,
300111,向日葵  ,1,
300154,瑞凌股份,1,
002181,粤 传 媒,1,
300193,佳士科技,1,
002535,林州重机,1,
002532,新界泵业,1,
000913,钱江摩托,1,
002337,赛象科技,1,
000622,恒立实业,1,
300126,锐奇股份,1,
000837,秦川机床,1,
002173,千足珍珠,1,
300337,银邦股份,1,
002428,云南锗业,1,
002590,万安科技,1,
000638,万方发展,1,
002346,柘中股份,1,
300044,赛为智能,1,
002441,众业达  ,1,
002292,奥飞动漫,1,
002559,亚威股份,1,
300213,佳讯飞鸿,1,
300220,金运激光,1,
002373,千方科技,1,
002489,浙江永强,1,
002623,亚玛顿  ,1,
002599,盛通股份,1,
002618,丹邦科技,1,
300310,宜通世纪,1,
002175,东方网络,1,
300161,华中数控,1,
002120,新海股份,1,
000819,岳阳兴长,1,
000560,昆百大Ａ,1,
002528,英飞拓  ,1,
300010,立思辰  ,1,
000673,当代东方,1,
300098,高新兴  ,1,
000410,沈阳机床,1,
002380,科远股份,1,
300024,机器人  ,1,
002281,光迅科技,1,
300434,金石东方,1,
002550,千红制药,1,
002668,奥马电器,1,
002536,西泵股份,1,
300097,智云股份,1,
002751,易尚展示,1,
300293,蓝英装备,1,
300248,新开普  ,1,
300286,安科瑞  ,1,
300354,东华测试,1,
300478,杭州高新,1,
300383,光环新网,1,
002280,联络互动,1,
300113,顺网科技,1,
002205,国统股份,1,
002569,步森股份,1,
002698,博实股份,1,
000821,京山轻机,1,
002009,天奇股份,1,
002253,川大智胜,1,
300335,迪森股份,1,
000818,方大化工,1,
300008,上海佳豪,1,
300302,同有科技,1,
002298,鑫龙电器,1,
000502,绿景控股,1,
300201,海伦哲  ,1,
002137,实 益 达,1,
002279,久其软件,1,
300076,GQY视讯 ,1,
000687,华讯方舟,1,
002184,海得控制,1,
300188,美亚柏科,1,
000681,视觉中国,1,
002189,利达光电,1,
300065,海兰信  ,1,
002472,双环传动,1,
002494,华斯股份,1,
300278,华昌达  ,1,
002049,同方国芯,1,
300018,中元华电,1,
002717,岭南园林,1,
300276,三丰智能,1,
002558,世纪游轮,1,
002031,巨轮智能,1,
002334,英威腾  ,1,
300047,天源迪科,1,
002116,中国海诚,1,
300243,瑞丰高材,1,
002527,新时达  ,1,
002073,软控股份,1,
002741,光华科技,1,
300014,亿纬锂能,1,
300195,长荣股份,1,
002593,日上集团,1,
002491,通鼎互联,1,
000766,通化金马,1,
002670,华声股份,1,
002444,巨星科技,1,
300307,慈星股份,1,
002455,百川股份,1,
300323,华灿光电,1,
000509,华塑控股,1,
300420,五洋科技,1,
002270,法因数控,1,
002620,瑞和股份,1,
300378,鼎捷软件,1,
000909,数源科技,1,
300308,中际装备,1,
002520,日发精机,1,
002201,九鼎新材,1,
000018,中冠A   ,1,
002627,宜昌交运,1,
300124,汇川技术,1,
002689,博林特  ,1,
300183,东软载波,1,
002021,中捷资源,1,
002367,康力电梯,1,
300023,宝德股份,1,
002713,东易日盛,1,
002675,东诚药业,1,
002319,乐通股份,1,
300029,天龙光电,1,
002264,新 华 都,1,
000671,阳 光 城,1,
002529,海源机械,1,
002697,红旗连锁,1,
300156,神雾环保,1,
300138,晨光生物,1,
002680,黄海机械,1,
000010,深华新  ,1,
300135,宝利国际,1,
002134,天津普林,1,
300341,麦迪电气,1,
000607,华媒控股,1,
002056,横店东磁,1,
002406,远东传动,1,
002471,中超控股,1,
000760,斯太尔  ,1,
002115,三维通信,1,
300155,安居宝  ,1,
002355,兴民钢圈,1,
002669,康达新材,1,
002642,荣之联  ,1,
002254,泰和新材,1,
002474,榕基软件,1,
300219,鸿利光电,1,
000890,法 尔 胜,1,
300074,华平股份,1,
002659,中泰桥梁,1,
300281,金明精机,1,
000504,南华生物,1,
300299,富春通信,1,
300246,宝莱特  ,1,
000525,红 太 阳,1,
300109,新开源  ,1,
002587,奥拓电子,1,
300119,瑞普生物,1,
300128,锦富新材,1,
002117,东港股份,1,
300143,星河生物,1,
002414,高德红外,1,
002079,苏州固锝,1,
000632,三木集团,1,
300211,亿通科技,1,
000923,河北宣工,1,
300359,全通教育,1,
300338,开元仪器,1,
300125,易世达  ,1,
000701,厦门信达,1,
002482,广田股份,1,
000420,吉林化纤,1,
002613,北玻股份,1,
002402,和而泰  ,1,
002616,长青集团,1,
300327,中颖电子,1,
002214,大立科技,1,
000961,中南建设,1,
002237,恒邦股份,1,
002055,得润电子,1,
300071,华谊嘉信,1,
300290,荣科科技,1,
000710,天兴仪表,1,
002526,山东矿机,1,
300112,万讯自控,1,
002631,德尔未来,1,
000790,华神集团,1,
300321,同大股份,1,
002448,中原内配,1,
002159,三特索道,1,
002490,山东墨龙,1,
300140,启源装备,1,
002523,天桥起重,1,
002434,万里扬  ,1,
002008,大族激光,1,
002611,东方精工,1,
002226,江南化工,1,
002193,山东如意,1,
002375,亚厦股份,1,
002295,精艺股份,1,
002687,乔治白  ,1,
000628,高新发展,1,
300415,伊之密  ,1,
000573,粤宏远Ａ,1,
300234,开尔新材,1,
002423,中原特钢,1,
300058,蓝色光标,1,
002356,浩宁达  ,1,
002437,誉衡药业,1,
002329,皇氏集团,1,
000897,津滨发展,1,
300053,欧比特  ,1,
300180,华峰超纤,1,
300309,吉艾科技,1,
000049,德赛电池,1,
002421,达实智能,1,
002035,华帝股份,1,
002451,摩恩电气,1,
300229,拓尔思  ,1,
000797,中国武夷,1,
000591,桐 君 阁,1,
300166,东方国信,1,
002644,佛慈制药,1,
300182,捷成股份,1,
300059,东方财富,1,
002167,东方锆业,1,
300212,易华录  ,1,
002129,中环股份,1,
300221,银禧科技,1,
002775,文科园林,1,
000801,四川九洲,1,
002554,惠博普  ,1,
300045,华力创通,1,
002503,搜于特  ,1,
002273,水晶光电,1,
300353,东土科技,1,
000027,深圳能源,1,
002376,新北洋  ,1,
000820,金城股份,1,
000936,华西股份,1,
002547,春兴精工,1,
002645,华宏科技,1,
000836,鑫茂科技,1,
000918,嘉凯城  ,1,
000785,武汉中商,1,
002583,海能达  ,1,
002541,鸿路钢构,1,
002716,金贵银业,1,
300312,邦讯技术,1,
000488,晨鸣纸业,1,
300227,光韵达  ,1,
002097,山河智能,1,
002393,力生制药,1,
300279,和晶科技,1,
002359,齐星铁塔,1,
002496,辉丰股份,1,
002347,泰尔重工,1,
002331,皖通科技,1,
000567,海德股份,1,
300374,恒通科技,1,
002209,达 意 隆,1,
002426,胜利精密,1,
300297,蓝盾股份,1,
002607,亚夏汽车,1,
002019,亿帆鑫富,1,
002392,北京利尔,1,
002113,天润控股,1,
002098,浔兴股份,1,
002771,真视通  ,1,
002155,湖南黄金,1,
002243,通产丽星,1,
000939,凯迪生态,1,
300375,鹏翎股份,1,
300387,富邦股份,1,
002609,捷顺科技,1,
300092,科新机电,1,
000893,东凌粮油,1,
002200,云投生态,1,
300270,中威电子,1,
300043,互动娱乐,1,
002650,加加食品,1,
300367,东方网力,1,
002651,利君股份,1,
000598,兴蓉环境,1,
002139,拓邦股份,1,
002325,洪涛股份,1,
300264,佳创视讯,1,
002449,国星光电,1,
300114,中航电测,1,
002352,鼎泰新材,1,
300005,探路者  ,1,
000156,华数传媒,1,
300079,数码视讯,1,
000035,中国天楹,1,
300253,卫宁软件,1,
300122,智飞生物,1,
002197,证通电子,1,
002425,凯撒股份,1,
002700,新疆浩源,1,
300390,天华超净,1,
002415,海康威视,1,
002436,兴森科技,1,
300245,天玑科技,1,
300282,汇冠股份,1,
300101,振芯科技,1,
002063,远光软件,1,
000551,创元科技,1,
000996,中国中期,1,
000912,*ST天化 ,1,
000619,海螺型材,1,
000558,莱茵体育,1,
300348,长亮科技,1,
000659,*ST中富 ,1,
002180,艾派克  ,1,
300356,光一科技,1,
000927,*ST夏利 ,1,
000403,ST生化  ,1,
000557,*ST广夏 ,1,
000892,*ST星美 ,1,
002241,歌尔声学,1,
000611,*ST蒙发 ,1,
002459,天业通联,1,
300254,仟源医药,1,
002658,雪迪龙  ,1,
300418,昆仑万维,1,
300271,华宇软件,1,
300233,金城医药,1,
300050,世纪鼎利,1,
300117,嘉寓股份,1,
300483,沃施股份,1,
002555,顺荣三七,1,
300275,梅安森  ,1,
300339,润和软件,1,
002749,国光股份,1,
300311,任子行  ,1,
300325,德威新材,1,
001696,宗申动力,1,
300223,北京君正,1,
300382,斯莱克  ,1,
000863,三湘股份,1,
300165,天瑞仪器,1,
002647,宏磊股份,1,
002249,大洋电机,1,
002227,奥 特 迅,1,
300206,理邦仪器,1,
002140,东华科技,1,
000678,襄阳轴承,1,
000951,中国重汽,1,
002362,汉王科技,1,
300192,科斯伍德,1,
000593,大通燃气,1,
300082,奥克股份,1,
000938,紫光股份,1,
300300,汉鼎股份,1,
300283,温州宏丰,1,
002003,伟星股份,1,
002568,百润股份,1,
300225,金力泰  ,1,
002122,天马股份,1,
000045,深纺织Ａ,1,
002591,恒大高新,1,
300147,香雪制药,1,
300025,华星创业,1,
000989,九 芝 堂,1,
000988,华工科技,1,
000737,南风化工,1,
002641,永高股份,1,
002217,合力泰  ,1,
300345,红宇新材,1,
300051,三五互联,1,
300316,晶盛机电,1,
002316,键桥通讯,1,
000823,超声电子,1,
300121,阳谷华泰,1,
300042,朗科科技,1,
002476,宝莫股份,1,
300370,安控科技,1,
300046,台基股份,1,
002410,广联达  ,1,
000803,金宇车城,1,
002095,生 意 宝,1,
002343,禾欣股份,1,
300137,先河环保,1,
002328,新朋股份,1,
300241,瑞丰光电,1,
002657,中科金财,1,
002510,天汽模  ,1,
300179,四方达  ,1,
300100,双林股份,1,
300328,宜安科技,1,
300392,腾信股份,1,
002634,棒杰股份,1,
002058,威 尔 泰,1,
002178,延华智能,1,
002345,潮宏基  ,1,
300151,昌红科技,1,
002386,天原集团,1,
300081,恒信移动,1,
300461,田中精机,1,
002164,宁波东力,1,
002353,杰瑞股份,1,
002149,西部材料,1,
002076,雪 莱 特,1,
002291,星期六  ,1,
002288,超华科技,1,
000012,南  玻Ａ,1,
300127,银河磁体,1,
002513,蓝丰生化,1,
300395,菲利华  ,1,
000544,中原环保,1,
300203,聚光科技,1,
300075,数字政通,1,
300176,鸿特精密,1,
002160,常铝股份,1,
000973,佛塑科技,1,
300199,翰宇药业,1,
300417,南华仪器,1,
300249,依米康  ,1,
002188,新 嘉 联,1,
300364,中文在线,1,
300333,兆日科技,1,
002233,塔牌集团,1,
300038,梅泰诺  ,1,
300056,三维丝  ,1,
300007,汉威电子,1,
002148,北纬通信,1,
300256,星星科技,1,
000042,中洲控股,1,
002047,宝鹰股份,1,
002236,大华股份,1,
002011,盾安环境,1,
300303,聚飞光电,1,
000536,华映科技,1,
300260,新莱应材,1,
002381,双箭股份,1,
000793,华闻传媒,1,
000605,渤海股份,1,
000886,海南高速,1,
300489,中飞股份,1,
002165,红 宝 丽,1,
002546,新联电子,1,
000429,粤高速Ａ,1,
300301,长方照明,1,
002467,二六三  ,1,
300349,金卡股份,1,
002442,龙星化工,1,
002439,启明星辰,1,
002579,中京电子,1,
002458,益生股份,1,
000919,金陵药业,1,
002646,青青稞酒,1,
000908,景峰医药,1,
300070,碧水源  ,1,
000022,深赤湾Ａ,1,
002166,莱茵生物,1,
300389,艾比森  ,1,
002548,金新农  ,1,
300129,泰胜风能,1,
300372,欣泰电气,1,
002499,科林环保,1,
002017,东信和平,1,
000592,平潭发展,1,
300258,精锻科技,1,
002685,华东重机,1,
300399,京天利  ,1,
002396,星网锐捷,1,
300167,迪威视讯,1,
002361,神剑股份,1,
300139,晓程科技,1,
002726,龙大肉食,1,
000750,国海证券,1,
000158,常山股份,1,
300355,蒙草抗旱,1,
300410,正业科技,1,
300049,福瑞股份,1,
002176,江特电机,1,
002220,天宝股份,1,
002696,百洋股份,1,
000620,新华联  ,1,
000546,金圆股份,1,
002456,欧菲光  ,1,
300403,地尔汉宇,1,
300095,华伍股份,1,
300344,太空板业,1,
002417,*ST元达 ,1,
002738,中矿资源,1,
002757,南兴装备,1,
002136,安 纳 达,1,
300035,中科电气,1,
002686,亿利达  ,1,
300054,鼎龙股份,1,
300242,明家科技,1,
300170,汉得信息,1,
000715,中兴商业,1,
000712,锦龙股份,1,
002132,恒星科技,1,
000418,小天鹅Ａ,1,
002466,天齐锂业,1,
300033,同花顺  ,1,
002614,蒙发利  ,1,
300400,劲拓股份,1,
002232,启明信息,1,
300022,吉峰农机,1,
300443,金雷风电,1,
300073,当升科技,1,
002630,华西能源,1,
000962,东方钽业,1,
000802,北京文化,1,
002138,顺络电子,1,
000532,力合股份,1,
300012,华测检测,1,
000835,长城动漫,1,
300015,爱尔眼科,1,
002156,通富微电,1,
002071,长城影视,1,
000637,茂化实华,1,
002087,新野纺织,1,
000609,绵世股份,1,
300305,裕兴股份,1,
300171,东富龙  ,1,
000975,银泰资源,1,
300218,安利股份,1,
300265,通光线缆,1,
300237,美晨科技,1,
002074,国轩高科,1,
300204,舒泰神  ,1,
000950,建峰化工,1,
300240,飞力达  ,1,
002290,禾盛新材,1,
002207,准油股份,1,
000570,苏常柴Ａ,1,
002595,豪迈科技,1,
002521,齐峰新材,1,
002606,大连电瓷,1,
002127,新民科技,1,
002661,克明面业,1,
002238,天威视讯,1,
002506,协鑫集成,1,
002405,四维图新,1,
002256,彩虹精化,1,
002032,苏 泊 尔,1,
002195,二三四五,1,
002252,上海莱士,1,
002382,蓝帆医疗,1,
002666,德联集团,1,
000965,天保基建,1,
300057,万顺股份,1,
002351,漫步者  ,1,
300163,先锋新材,1,
000700,模塑科技,1,
002725,跃岭股份,1,
300105,龙源技术,1,
300055,万邦达  ,1,
002731,萃华珠宝,1,
002724,海洋王  ,1,
300172,中电环保,1,
300273,和佳股份,1,
000960,锡业股份,1,
002672,东江环保,1,
300386,飞天诚信,1,
000702,正虹科技,1,
000838,国兴地产,1,
000655,金岭矿业,1,
300052,中青宝  ,1,
000151,中成股份,1,
300102,乾照光电,1,
002551,尚荣医疗,1,
300274,阳光电源,1,
300175,朗源股份,1,
300236,上海新阳,1,
002081,金 螳 螂,1,
300373,扬杰科技,1,
300205,天喻信息,1,
300295,三六五网,1,
002054,德美化工,1,
000011,深物业A ,1,
002576,通达动力,1,
002107,沃华医药,1,
300320,海达股份,1,
300231,银信科技,1,
000404,华意压缩,1,
002395,双象股份,1,
300296,利亚德  ,1,
300259,新天科技,1,
002287,奇正藏药,1,
002034,美 欣 达,1,
000009,中国宝安,1,
002446,盛路通信,1,
000568,泸州老窖,1,
002105,信隆实业,1,
002692,远程电缆,1,
002263,大 东 南,1,
300318,博晖创新,1,
300063,天龙集团,1,
000926,福星股份,1,
000055,方大集团,1,
000683,远兴能源,1,
002277,友阿股份,1,
300322,硕贝德  ,1,
002585,双星新材,1,
002564,天沃科技,1,
000063,中兴通讯,1,
300319,麦捷科技,1,
002635,安洁科技,1,
000608,阳光股份,1,
300315,掌趣科技,1,
002592,八菱科技,1,
300004,南风股份,1,
300002,神州泰岳,1,
300329,海伦钢琴,1,
002512,达华智能,1,
002509,天广消防,1,
002649,博彦科技,1,
300090,盛运环保,1,
002690,美亚光电,1,
002715,登云股份,1,
002391,长青股份,1,
002729,好利来  ,1,
002335,科华恒盛,1,
000564,西安民生,1,
002552,宝鼎重工,1,
000518,四环生物,1,
300393,中来股份,1,
002218,拓日新能,1,
000757,浩物股份,1,
002430,杭氧股份,1,
300402,宝色股份,1,
002543,万和电气,1,
000997,新 大 陆,1,
300089,文化长城,1,
300198,纳川股份,1,
000759,中百集团,1,
002278,神开股份,1,
300130,新国都  ,1,
000017,深中华A ,1,
002246,北化股份,1,
300263,隆华节能,1,
002589,瑞康医药,1,
002556,辉隆股份,1,
000738,中航动控,1,
300103,达刚路机,1,
002064,华峰氨纶,1,
002486,嘉麟杰  ,1,
002397,梦洁家纺,1,
002230,科大讯飞,1,
002231,奥维通信,1,
002171,楚江新材,1,
002002,鸿达兴业,1,
002182,云海金属,1,
002612,朗姿股份,1,
300330,华虹计通,1,
000755,山西三维,1,
300048,合康变频,1,
000828,东莞控股,1,
002093,国脉科技,1,
300377,赢时胜  ,1,
002542,中化岩土,1,
300116,坚瑞消防,1,
000878,云南铜业,1,
002454,松芝股份,1,
002349,精华制药,1,
300379,东方通  ,1,
002498,汉缆股份,1,
002369,卓翼科技,1,
002598,山东章鼓,1,
300066,三川股份,1,
002416,爱施德  ,1,
002540,亚太科技,1,
000691,亚太实业,1,
000070,特发信息,1,
000503,海虹控股,1,
000680,山推股份,1,
002429,兆驰股份,1,
002660,茂硕电源,1,
000617,石油济柴,1,
002664,信质电机,1,
000021,深科技  ,1,
002457,青龙管业,1,
300304,云意电气,1,
300080,新大新材,1,
000338,潍柴动力,1,
300145,南方泵业,1,
300200,高盟新材,1,
300118,东方日升,1,
002342,巨力索具,1,
300314,戴维医疗,1,
002557,洽洽食品,1,
300067,安诺其  ,1,
300239,东宝生物,1,
002394,联发股份,1,
300115,长盈精密,1,
000910,大亚科技,1,
000561,烽火电子,1,
002597,金禾实业,1,
002671,龙泉股份,1,
000430,张家界  ,1,
002152,广电运通,1,
000589,黔轮胎Ａ,1,
002693,双成药业,1,
300391,康跃科技,1,
002737,葵花药业,1,
002566,益盛药业,1,
002682,龙洲股份,1,
002383,合众思壮,1,
300064,豫金刚石,1,
002100,天康生物,1,
300210,森远股份,1,
300414,中光防雷,1,
300084,海默科技,1,
300360,炬华科技,1,
002046,轴研科技,1,
000600,建投能源,1,
002187,广百股份,1,
000753,漳州发展,1,
000905,厦门港务,1,
002610,爱康科技,1,
002440,闰土股份,1,
300152,科融环境,1,
002694,顾地科技,1,
002089,新 海 宜,1,
000599,青岛双星,1,
300214,日科化学,1,
000697,炼石有色,1,
000809,铁岭新城,1,
000610,西安旅游,1,
002570,贝因美  ,1,
000401,冀东水泥,1,
300294,博雅生物,1,
002500,山西证券,1,
300096,易联众  ,1,
000948,南天信息,1,
002358,森源电气,1,
002681,奋达科技,1,
300104,乐视网  ,1,
002573,清新环境,1,
002069,獐 子 岛,1,
002234,民和股份,1,
000952,广济药业,1,
000707,双环科技,1,
000652,泰达股份,1,
002374,丽鹏股份,1,
000407,胜利股份,1,
002245,澳洋顺昌,1,
000668,荣丰控股,1,
002086,东方海洋,1,
300202,聚龙股份,1,
300041,回天新材,1,
000761,本钢板材,1,
002029,七 匹 狼,1,
002508,老板电器,1,
000928,中钢国际,1,
000516,国际医学,1,
002665,首航节能,1,
000811,烟台冰轮,1,
000540,中天城投,1,
300398,飞凯材料,1,
000719,大地传媒,1,
300471,厚普股份,1,
000788,北大医药,1,
000713,丰乐种业,1,
000409,山东地矿,1,
002251,步 步 高,1,
000597,东北制药,1,
300226,上海钢联,1,
000969,安泰科技,1,
300421,力星股份,1,
002601,佰利联  ,1,
300486,东杰智能,1,
002284,亚太股份,1,
002078,太阳纸业,1,
300185,通裕重工,1,
002422,科伦药业,1,
002534,杭锅股份,1,
002562,兄弟科技,1,
000636,风华高科,1,
002250,联化科技,1,
000906,物产中拓,1,
300262,巴安水务,1,
300039,上海凯宝,1,
002691,冀凯股份,1,
002679,福建金森,1,
000416,民生控股,1,
002050,三花股份,1,
002315,焦点科技,1,
300251,光线传媒,1,
000727,华东科技,1,
000963,华东医药,1,
300184,力源信息,1,
000789,万年青  ,1,
002350,北京科锐,1,
002723,金莱特  ,1,
002507,涪陵榨菜,1,
300340,科恒股份,1,
300107,建新股份,1,
300077,国民技术,1,
002244,滨江集团,1,
002378,章源钨业,1,
002185,华天科技,1,
002420,毅昌股份,1,
002705,新宝股份,1,
002300,太阳电缆,1,
002168,深圳惠程,1,
000752,西藏发展,1,
002399,海普瑞  ,1,
002408,齐翔腾达,1,
002427,尤夫股份,1,
300450,先导股份,1,
002743,富煌钢构,1,
000043,中航地产,1,
000612,焦作万方,1,
000523,广州浪奇,1,
000587,金叶珠宝,1,
000413,东旭光电,1,
000615,湖北金环,1,
000059,*ST华锦 ,1,
002065,东华软件,1,
000533,万 家 乐,1,
000723,美锦能源,1,
000693,华泽钴镍,1,
002621,三垒股份,1,
000733,振华科技,1,
000751,锌业股份,1,
300291,华录百纳,1,
002539,新都化工,1,
000798,中水渔业,1,
000530,大冷股份,1,
000528,柳    工,1,
000698,沈阳化工,1,
002637,赞宇科技,1,
300158,振东制药,1,
002596,海南瑞泽,1,
002501,利源精制,1,
002478,常宝股份,1,
002662,京威股份,1,
000739,普洛药业,1,
002016,世荣兆业,1,
000826,启迪桑德,1,
002083,孚日股份,1,
002348,高乐股份,1,
000507,珠海港  ,1,
000758,中色股份,1,
002522,浙江众成,1,
000990,诚志股份,1,
300181,佐力药业,1,
002511,中顺洁柔,1,
002740,爱迪尔  ,1,
300174,元力股份,1,
002567,唐人神  ,1,
300346,南大光电,1,
002110,三钢闽光,1,
000037,深南电Ａ,1,
000957,中通客车,1,
000031,中粮地产,1,
002216,三全食品,1,
002492,恒基达鑫,1,
002111,威海广泰,1,
000922,佳电股份,1,
000548,湖南投资,1,
002628,成都路桥,1,
002025,航天电器,1,
002196,方正电机,1,
002663,普邦园林,1,
002042,华孚色纺,1,
002143,印纪传媒,1,
000506,中润资源,1,
002445,中南重工,1,
002308,威创股份,1,
000782,美达股份,1,
300405,科隆精化,1,
000032,深桑达Ａ,1,
002022,科华生物,1,
000703,恒逸石化,1,
000090,天健集团,1,
000498,山东路桥,1,
300232,洲明科技,1,
002066,瑞泰科技,1,
000722,湖南发展,1,
000099,中信海直,1,
000537,广宇发展,1,
000020,深华发Ａ,1,
002365,永安药业,1,
002617,露笑科技,1,
000046,泛海控股,1,
000062,深圳华强,1,
002052,同洲电子,1,
002062,宏润建设,1,
000581,威孚高科,1,
002067,景兴纸业,1,
000799,*ST酒鬼 ,1,
000816,智慧农业,1,
000711,*ST京蓝 ,1,
000505,珠江控股,1,
300298,三诺生物,1,
000026,飞亚达Ａ,1,
000822,山东海化,1,
000825,太钢不锈,1,
000721,西安饮食,1,
002549,凯美特气,1,
000778,新兴铸管,1,
000735,罗 牛 山,1,
000780,平庄能源,1,
002057,中钢天源,1,
000547,航天发展,1,
002060,粤 水 电,1,
300433,蓝思科技,1,
000006,深振业Ａ,1,
002080,中材科技,1,
000060,中金岭南,1,
002768,国恩股份,1,
000786,北新建材,1,
000541,佛山照明,1,
300006,莱美药业,1,
002626,金达威  ,1,
000552,靖远煤电,1,
000584,友利控股,1,
000709,河北钢铁,1,
002344,海宁皮城,1,
000030,富奥股份,1,
000526,银润投资,1,
002354,天神娱乐,1,
000554,泰山石油,1,
002101,广东鸿图,1,
000756,新华制药,1,
002051,中工国际,1,
000150,宜华健康,1,
002363,隆基机械,1,
000040,宝安地产,1,
300449,汉邦高科,1,
002096,南岭民爆,1,
000096,广聚能源,1,
000731,四川美丰,1,
002068,黑猫股份,1,
002099,海翔药业,1,
300289,利德曼  ,1,
000708,大冶特钢,1,
000571,新大洲Ａ,1,
000001,平安银行,1,
002773,康弘药业,1,
002632,道明光学,1,
002533,金杯电工,1,
000949,新乡化纤,1,
000016,深康佳Ａ,1,
000157,中联重科,1,
002125,湘潭电化,1,
000002,万  科Ａ,1,
000726,鲁  泰Ａ,1,
002222,福晶科技,1,
000830,鲁西化工,1,
000513,丽珠集团,1,
300133,华策影视,1,
000768,中航飞机,1,
002028,思源电气,1,
000682,东方电子,1,
300397,天和防务,1,
000019,深深宝Ａ,1,
002625,龙生股份,1,
300257,开山股份,1,
002084,海鸥卫浴,1,
002311,海大集团,1,
000932,华菱钢铁,1,
300250,初灵信息,1,
002038,双鹭药业,1,
002769,普路通  ,1,
000501,鄂武商Ａ,1,
000514,渝 开 发,1,
000545,金浦钛业,1,
002524,光正集团,1,
000068,*ST华赛 ,1,
002059,云南旅游,1,
000718,苏宁环球,1,
000543,皖能电力,1,
000517,荣安地产,1,
000014,沙河股份,1,
000004,国农科技,1,
000100,TCL 集团,1,
000050,深天马Ａ,1,
000078,海王生物,1,
002767,先锋电子,1,
300244,迪安诊断,1,
000563,陕国投Ａ,1,
000720,新能泰山,1,
002772,众兴菌业,1,
000725,京东方Ａ,1,
000061,农 产 品,1,
000767,漳泽电力,1,
000728,国元证券,1,
000555,神州信息,1,
000531,穗恒运Ａ,1,
300452,山河药辅,1,
000705,浙江震元,1,
000732,泰禾集团,1,
000069,华侨城Ａ,1,
002531,天顺风能,1,
002085,万丰奥威,1,
300013,新宁物流,1,
000089,深圳机场,1,
300458,全志科技,1,
000565,渝三峡Ａ,1,
002088,鲁阳节能,1,
002477,雏鹰农牧,1,
002515,金字火腿,1,
002304,洋河股份,1,
000007,零七股份,1,
000023,深天地Ａ,1,
000024,招商地产,1,
000028,国药一致,1,
000034,深信泰丰,1,
000038,深大通  ,1,
000048,康达尔  ,1,
000058,深 赛 格,1,
000065,北方国际,1,
000066,长城电脑,1,
000153,丰原药业,1,
000155,*ST川化 ,1,
000159,国际实业,1,
000301,东方市场,1,
000408,金谷源  ,1,
000411,英特集团,1,
000415,渤海租赁,1,
000417,合肥百货,1,
000419,通程控股,1,
000421,南京中北,1,
000422,湖北宜化,1,
000423,东阿阿胶,1,
000425,徐工机械,1,
000426,兴业矿业,1,
000511,烯碳新材,1,
000519,江南红箭,1,
000520,长航凤凰,1,
000521,美菱电器,1,
000529,广弘控股,1,
000534,万泽股份,1,
000553,沙隆达Ａ,1,
000566,海南海药,1,
000586,汇源通信,1,
000590,*ST古汉 ,1,
000595,宝塔实业,1,
000596,古井贡酒,1,
000601,韶能股份,1,
000603,盛达矿业,1,
000606,青海明胶,1,
000616,海航投资,1,
000626,如意集团,1,
000627,天茂集团,1,
000629,攀钢钒钛,1,
000630,铜陵有色,1,
000631,顺发恒业,1,
000633,合金投资,1,
000635,英 力 特,1,
000639,西王食品,1,
000650,仁和药业,1,
000651,格力电器,1,
000657,中钨高新,1,
000665,湖北广电,1,
000666,经纬纺机,1,
000667,美好集团,1,
000669,金鸿能源,1,
000670,盈方微  ,1,
000672,上峰水泥,1,
000677,*ST海龙 ,1,
000679,大连友谊,1,
000685,中山公用,1,
000688,建新矿业,1,
000692,惠天热电,1,
000695,滨海能源,1,
000716,黑芝麻  ,1,
000717,韶钢松山,1,
000729,燕京啤酒,1,
000748,长城信息,1,
000779,三毛派神,1,
000795,太原刚玉,1,
000796,凯撒旅游,1,
000806,银河生物,1,
000810,创维数字,1,
000812,陕西金叶,1,
000813,天山纺织,1,
000829,天音控股,1,
000831,五矿稀土,1,
000833,贵糖股份,1,
000839,中信国安,1,
000848,承德露露,1,
000850,华茂股份,1,
000851,高鸿股份,1,
000852,石化机械,1,
000856,冀东装备,1,
000859,国风塑业,1,
000860,顺鑫农业,1,
000861,海印股份,1,
000862,银星能源,1,
000868,安凯客车,1,
000869,张  裕Ａ,1,
000876,新 希 望,1,
000877,天山股份,1,
000881,大连国际,1,
000882,华联股份,1,
000883,湖北能源,1,
000887,中鼎股份,1,
000889,茂业通信,1,
000895,双汇发展,1,
000898,鞍钢股份,1,
000899,赣能股份,1,
000900,现代投资,1,
000901,航天科技,1,
000903,云内动力,1,
000911,南宁糖业,1,
000915,山大华特,1,
000916,华北高速,1,
000920,南方汇通,1,
000925,众合科技,1,
000929,兰州黄河,1,
000930,中粮生化,1,
000933,神火股份,1,
000935,四川双马,1,
000937,冀中能源,1,
000953,河池化工,1,
000955,欣龙控股,1,
000958,东方能源,1,
000959,首钢股份,1,
000966,长源电力,1,
000967,上风高科,1,
000968,煤 气 化,1,
000970,中科三环,1,
000971,高升控股,1,
000972,新中基  ,1,
000976,*ST春晖 ,1,
000977,浪潮信息,1,
000978,桂林旅游,1,
000979,中弘股份,1,
000980,金马股份,1,
000981,银亿股份,1,
000982,中银绒业,1,
000983,西山煤电,1,
000985,大庆华科,1,
000987,广州友谊,1,
000995,*ST皇台 ,1,
000998,隆平高科,1,
001896,豫能控股,1,
002001,新 和 成,1,
002004,华邦健康,1,
002006,精功科技,1,
002007,华兰生物,1,
002010,传化股份,1,
002012,凯恩股份,1,
002013,中航机电,1,
002014,永新股份,1,
002015,*ST霞客 ,1,
002018,华信国际,1,
002020,京新药业,1,
002023,海特高新,1,
002024,苏宁云商,1,
002026,山东威达,1,
002027,七喜控股,1,
002030,达安基因,1,
002033,丽江旅游,1,
002036,汉麻产业,1,
002037,久联发展,1,
002040,南 京 港,1,
002041,登海种业,1,
002043,兔 宝 宝,1,
002044,江苏三友,1,
002048,宁波华翔,1,
002061,江山化工,1,
002070,众和股份,1,
002072,凯瑞德  ,1,
002075,沙钢股份,1,
002077,大港股份,1,
002082,栋梁新材,1,
002090,金智科技,1,
002091,江苏国泰,1,
002092,中泰化学,1,
002094,青岛金王,1,
002102,冠福股份,1,
002103,广博股份,1,
002104,恒宝股份,1,
002106,莱宝高科,1,
002108,沧州明珠,1,
002109,兴化股份,1,
002112,三变科技,1,
002118,紫鑫药业,1,
002119,康强电子,1,
002123,荣信股份,1,
002126,银轮股份,1,
002128,露天煤业,1,
002130,沃尔核材,1,
002131,利欧股份,1,
002133,广宇集团,1,
002135,东南网架,1,
002141,蓉胜超微,1,
002142,宁波银行,1,
002144,宏达高科,1,
002145,中核钛白,1,
002146,荣盛发展,1,
002147,方圆支承,1,
002150,通润装备,1,
002151,北斗星通,1,
002153,石基信息,1,
002154,报 喜 鸟,1,
002157,正邦科技,1,
002158,汉钟精机,1,
002161,远 望 谷,1,
002162,悦心健康,1,
002163,中航三鑫,1,
002169,智光电气,1,
002170,芭田股份,1,
002172,澳洋科技,1,
002174,游族网络,1,
002179,中航光电,1,
002183,怡 亚 通,1,
002186,全 聚 德,1,
002190,成飞集成,1,
002191,劲嘉股份,1,
002192,*ST融捷 ,1,
002194,武汉凡谷,1,
002198,嘉应制药,1,
002199,东晶电子,1,
002202,金风科技,1,
002203,海亮股份,1,
002204,大连重工,1,
002208,合肥城建,1,
002210,飞马国际,1,
002211,宏达新材,1,
002215,诺 普 信,1,
002219,恒康医疗,1,
002221,东华能源,1,
002223,鱼跃医疗,1,
002224,三 力 士,1,
002225,濮耐股份,1,
002228,合兴包装,1,
002229,鸿博股份,1,
002235,安妮股份,1,
002239,奥特佳  ,1,
002240,威华股份,1,
002242,九阳股份,1,
002247,帝龙新材,1,
002248,华东数控,1,
002255,海陆重工,1,
002258,利尔化学,1,
002259,升达林业,1,
002261,拓维信息,1,
002262,恩华药业,1,
002265,西仪股份,1,
002266,浙富控股,1,
002267,陕天然气,1,
002268,卫 士 通,1,
002269,美邦服饰,1,
002272,川润股份,1,
002275,桂林三金,1,
002282,博深工具,1,
002283,天润曲轴,1,
002285,世联行  ,1,
002286,保龄宝  ,1,
002289,宇顺电子,1,
002293,罗莱家纺,1,
002294,信立泰  ,1,
002296,辉煌科技,1,
002297,博云新材,1,
002299,圣农发展,1,
002301,齐心集团,1,
002303,美盈森  ,1,
002306,*ST云网 ,1,
002307,北新路桥,1,
002309,中利科技,1,
002310,东方园林,1,
002312,三泰控股,1,
002313,日海通讯,1,
002314,南山控股,1,
002317,众生药业,1,
002318,久立特材,1,
002320,海峡股份,1,
002321,华英农业,1,
002322,理工监测,1,
002323,雅百特  ,1,
002324,普利特  ,1,
002327,富安娜  ,1,
002330,得利斯  ,1,
002332,仙琚制药,1,
002333,罗普斯金,1,
002336,人人乐  ,1,
002338,奥普光电,1,
002340,格林美  ,1,
002341,新纶科技,1,
002357,富临运业,1,
002360,同德化工,1,
002368,太极股份,1,
002370,亚太药业,1,
002371,七星电子,1,
002377,国创高新,1,
002379,鲁丰环保,1,
002384,东山精密,1,
002385,大北农  ,1,
002388,新亚制程,1,
002389,南洋科技,1,
002390,信邦制药,1,
002398,建研集团,1,
002400,省广股份,1,
002401,中海科技,1,
002403,爱仕达  ,1,
002407,多氟多  ,1,
002409,雅克科技,1,
002411,九九久  ,1,
002412,汉森制药,1,
002413,雷科防务,1,
002418,康盛股份,1,
002419,天虹商场,1,
002424,贵州百灵,1,
002431,棕榈园林,1,
002432,九安医疗,1,
002433,太安堂  ,1,
002435,长江润发,1,
002438,江苏神通,1,
002443,金洲管道,1,
002447,壹桥海参,1,
002450,康得新  ,1,
002452,长高集团,1,
002453,天马精化,1,
002461,珠江啤酒,1,
002462,嘉事堂  ,1,
002463,沪电股份,1,
002464,金利科技,1,
002465,海格通信,1,
002468,艾迪西  ,1,
002469,三维工程,1,
002473,圣莱达  ,1,
002475,立讯精密,1,
002479,富春环保,1,
002480,新筑股份,1,
002481,双塔食品,1,
002483,润邦股份,1,
002485,希努尔  ,1,
002487,大金重工,1,
002488,金固股份,1,
002493,荣盛石化,1,
002495,佳隆股份,1,
002497,雅化集团,1,
002502,骅威股份,1,
002504,弘高创意,1,
002505,大康牧业,1,
002514,宝馨科技,1,
002516,旷达科技,1,
002517,泰亚股份,1,
002518,科士达  ,1,
002530,丰东股份,1,
002537,海立美达,1,
002544,杰赛科技,1,
002545,东方铁塔,1,
002553,南方轴承,1,
002560,通达股份,1,
002561,徐家汇  ,1,
002565,上海绿新,1,
002571,德力股份,1,
002572,索菲亚  ,1,
002575,群兴玩具,1,
002578,闽发铝业,1,
002580,圣阳股份,1,
002581,未名医药,1,
002582,好想你  ,1,
002584,西陇化工,1,
002586,围海股份,1,
002588,史丹利  ,1,
002600,江粉磁材,1,
002602,世纪华通,1,
002603,以岭药业,1,
002604,龙力生物,1,
002605,姚记扑克,1,
002608,*ST舜船 ,1,
002619,巨龙管业,1,
002622,永大集团,1,
002624,完美环球,1,
002629,仁智油服,1,
002633,*ST申科 ,1,
002636,金安国纪,1,
002638,勤上光电,1,
002639,雪人股份,1,
002640,跨境通  ,1,
002643,万润股份,1,
002648,卫星石化,1,
002652,扬子新材,1,
002653,海思科  ,1,
002654,万润科技,1,
002655,共达电声,1,
002656,卡奴迪路,1,
002667,鞍重股份,1,
002673,西部证券,1,
002674,兴业科技,1,
002676,顺威股份,1,
002678,珠江钢琴,1,
002683,宏大爆破,1,
002688,金河生物,1,
002695,煌上煌  ,1,
002699,美盛文化,1,
002701,奥瑞金  ,1,
002702,海欣食品,1,
002707,众信旅游,1,
002708,光洋股份,1,
002709,天赐材料,1,
002711,欧浦智网,1,
002712,思美传媒,1,
002718,友邦吊顶,1,
002719,麦趣尔  ,1,
002728,台城制药,1,
002730,电光科技,1,
002732,燕塘乳业,1,
002733,雄韬股份,1,
002734,利民股份,1,
002735,王子新材,1,
002739,万达院线,1,
002742,三圣特材,1,
002745,木林森  ,1,
002747,埃斯顿  ,1,
002758,华通医药,1,
002763,汇洁股份,1,
002770,科迪乳业,1,
300009,安科生物,1,
300011,鼎汉技术,1,
300016,北陆药业,1,
300017,网宿科技,1,
300019,硅宝科技,1,
300020,银江股份,1,
300021,大禹节水,1,
300026,红日药业,1,
300027,华谊兄弟,1,
300028,金亚科技,1,
300030,阳普医疗,1,
300031,宝通科技,1,
300032,金龙机电,1,
300034,钢研高纳,1,
300036,超图软件,1,
300037,新宙邦  ,1,
300040,九洲电气,1,
300061,康耐特  ,1,
300068,南都电源,1,
300069,金利华电,1,
300072,三聚环保,1,
300078,思创医惠,1,
300083,劲胜精密,1,
300086,康芝药业,1,
300088,长信科技,1,
300091,金通灵  ,1,
300093,金刚玻璃,1,
300094,国联水产,1,
300099,尤洛卡  ,1,
300106,西部牧业,1,
300108,双龙股份,1,
300120,经纬电材,1,
300123,太阳鸟  ,1,
300131,英唐智控,1,
300132,青松股份,1,
300134,大富科技,1,
300136,信维通信,1,
300144,宋城演艺,1,
300146,汤臣倍健,1,
300148,天舟文化,1,
300149,量子高科,1,
300150,世纪瑞尔,1,
300159,新研股份,1,
300160,秀强股份,1,
300162,雷曼股份,1,
300164,通源石油,1,
300168,万达信息,1,
300169,天晟新材,1,
300173,智慧松德,1,
300177,中海达  ,1,
300178,腾邦国际,1,
300187,永清环保,1,
300189,神农基因,1,
300190,维尔利  ,1,
300191,潜能恒信,1,
300194,福安药业,1,
300196,长海股份,1,
300208,恒顺众昇,1,
300209,天泽信息,1,
300216,千山药机,1,
300217,东方电热,1,
300222,科大智能,1,
300224,正海磁材,1,
300228,富瑞特装,1,
300230,永利带业,1,
300235,方直科技,1,
300238,冠昊生物,1,
300247,乐金健康,1,
300252,金信诺  ,1,
300255,常山药业,1,
300261,雅本化学,1,
300266,兴源环境,1,
300267,尔康制药,1,
300268,万福生科,1,
300269,联建光电,1,
300272,开能环保,1,
300280,南通锻压,1,
300284,苏交科  ,1,
300285,国瓷材料,1,
300287,飞利信  ,1,
300288,朗玛信息,1,
300306,远方光电,1,
300313,天山生物,1,
300317,珈伟股份,1,
300326,凯利泰  ,1,
300331,苏大维格,1,
300332,天壕环境,1,
300334,津膜科技,1,
300336,新文化  ,1,
300342,天银机电,1,
300343,联创股份,1,
300347,泰格医药,1,
300350,华鹏飞  ,1,
300351,永贵电器,1,
300352,北信源  ,1,
300358,楚天科技,1,
300362,天保重装,1,
300363,博腾股份,1,
300365,恒华科技,1,
300368,汇金股份,1,
300369,绿盟科技,1,
300371,汇中股份,1,
300376,易事特  ,1,
300380,安硕信息,1,
300381,溢多利  ,1,
300384,三联虹普,1,
300385,雪浪环境,1,
300388,国祯环保,1,
300394,天孚通信,1,
300396,迪瑞医疗,1,
300401,花园生物,1,
300406,九强生物,1,
300407,凯发电气,1,
300409,道氏技术,1,
300413,快乐购  ,1,
300422,博世科  ,1,
300425,环能科技,1,
300428,四通新材,1,
300429,强力新材,1,
300431,暴风科技,1,
300441,鲍斯股份,1,
300456,耐威科技,1,
300459,浙江金科,1,
300460,惠伦晶体,1,
300466,赛摩电气,1,
300467,迅游科技,1,
300472,新元科技,1,
300476,胜宏科技,1,
300485,赛升药业,1,
300487,蓝晓科技,1,
300488,恒锋工具,1,
000792,盐湖股份,1,
000029,深深房Ａ,1,
000762,西藏矿业,1,
000538,云南白药,1,
000056,皇庭国际,1,
000777,中核科技,1,
300437,清水源  ,1,
000088,盐 田 港,1,
300426,唐德影视,1,
002460,赣锋锂业,1,
000931,中 关 村,1,
300207,欣旺达  ,1,
300439,美康生物,1,
000559,万向钱潮,1,
000623,吉林敖东,1,
002563,森马服饰,1,
002305,南国置业,1,
300003,乐普医疗,1,
000402,金 融 街,1,
000656,金科股份,1,
000524,岭南控股,1,
300153,科泰电源,1,
000039,中集集团,1,
000888,峨眉山Ａ,1,
002271,东方雨虹,1,
000858,五 粮 液,1,
000921,海信科龙,1,
002206,海 利 得,1,
000993,闽东电力,1,
002470,金正大  ,1,
000880,潍柴重机,1,
002484,江海股份,1,
000613,大东海A ,1,
002212,南洋股份,1,
002053,云南盐化,1,
300324,旋极信息,1,
002519,银河电子,1,
000999,华润三九,1,
300366,创意信息,1,
300277,海联讯  ,1,
002302,西部建设,1,
000539,粤电力Ａ,1,
000025,特  力Ａ,1,
000333,美的集团,1,
300462,华铭智能,1,
002121,科陆电子,1,
300423,鲁亿通  ,1,
000166,申万宏源,1,
002177,御银股份,1,
300408,三环集团,1,
000807,云铝股份,1,
002756,永兴特钢,1,
300469,信息发展,1,
002114,罗平锌电,1,
002574,明牌珠宝,1,
002045,国光电器,1,
000036,华联控股,1,
000690,宝新能源,1,
002039,黔源电力,1,
300412,迦南科技,1,
002761,多喜爱  ,1,
002387,黑牛食品,1,
300357,我武生物,1,
002753,永东股份,1,
000576,广东甘化,1,
002760,凤形股份,1,
002538,司尔特  ,1,
002755,东方新星,1,
002766,索菱股份,1,
300292,吴通控股,1,
300416,苏试试验,1,
002748,世龙实业,1,
000400,许继电气,1,
002005,德豪润达,1,
002746,仙坛股份,1,
300498,温氏股份,1,
300215,电科院  ,1,
300085,银之杰  ,1,
000902,新洋丰  ,1,
000800,一汽轿车,1,
000550,江铃汽车,1,
000662,索芙特  ,1,
002339,积成电子,1,
000885,同力水泥,1,
300442,普丽盛  ,1,
002124,天邦股份,1,
300470,日机密封,1,
002714,牧原股份,1,
002372,伟星新材,1,
300436,广生堂  ,1,
002727,一心堂  ,1,
002721,金一文化,1,
300473,德尔股份,1,
002776,柏堡龙  ,1,
300455,康拓红外,1,
000625,长安汽车,1,
300110,华仁药业,1,
000585,东北电气,1,
002677,浙江美大,1,
002750,龙津药业,1,
002684,猛狮科技,1,
000875,吉电股份,1,
000736,中房地产,1,
000783,长江证券,1,
002615,哈尔斯  ,1,
300481,濮阳惠成,1,
300464,星徽精密,1,
000428,华天酒店,1,
002404,嘉欣丝绸,1,
002594,比亚迪  ,1,
002364,中恒电气,1,
000661,长春高新,1,
300477,合纵科技,1,
000776,广发证券,1,
000510,*ST金路 ,1,
300453,三鑫医疗,1,
300482,万孚生物,1,
300479,神思电子,1,
002759,天际股份,1,
300001,特锐德  ,1,
002765,蓝黛传动,1,
300430,诚益通  ,1,
002706,良信电器,1,
000005,世纪星源,1,
300435,中泰股份,1,
000663,永安林业,1,
000791,甘肃电投,1,
002213,特 尔 佳,1,
300141,和顺电气,1,
002366,台海核电,1,
300411,金盾股份,1,
300440,运达科技,1,
300475,聚隆科技,1,
300197,铁汉生态,1,
000572,海马汽车,1,
300432,富临精工,1,
300444,双杰电气,1,
300446,乐凯新材,1,
000008,神州高铁,1,
300438,鹏辉能源,1,
000686,东北证券,1,
300142,沃森生物,1,
002703,浙江世宝,1,
002752,昇兴股份,1,
300445,康斯特  ,1,
300427,红相电力,1,
300463,迈克生物,1,
002274,华昌化工,1,
002276,万马股份,1,
000676,智度投资,1,
002736,国信证券,1,
300424,航新科技,1,
000815,*ST美利 ,1,
300157,恒泰艾普,1,
000582,北部湾港,1,
300457,赢合科技,1,
002722,金轮股份,1,
002762,金发拉比,1,
002326,永太科技,1,
300451,创业软件,1,
002260,德奥通航,1,
300480,光力科技,1,
300447,全信股份,1,
300468,四方精创,1,
300419,浩丰科技,1,
300404,博济医药,1,
300062,中能电气,1,
300448,浩云科技,1,
300465,高伟达  ,1,
300087,荃银高科,1,
000917,电广传媒,1,
002577,雷柏科技,1,
600000,浦发银行,0,
600004,白云机场,0,
600005,武钢股份,0,
600006,东风汽车,0,
600007,中国国贸,0,
600008,首创股份,0,
600009,上海机场,0,
600010,包钢股份,0,
600011,华能国际,0,
600012,皖通高速,0,
600015,华夏银行,0,
600016,民生银行,0,
600017,日照港  ,0,
600018,上港集团,0,
600019,宝钢股份,0,
600020,中原高速,0,
600021,上海电力,0,
600022,山东钢铁,0,
600023,浙能电力,0,
600026,中海发展,0,
600027,华电国际,0,
600028,中国石化,0,
600029,南方航空,0,
600030,中信证券,0,
600031,三一重工,0,
600033,福建高速,0,
600035,楚天高速,0,
600036,招商银行,0,
600037,歌华有线,0,
600038,中直股份,0,
600039,四川路桥,0,
600048,保利地产,0,
600050,中国联通,0,
600051,宁波联合,0,
600052,浙江广厦,0,
600053,中江地产,0,
600054,黄山旅游,0,
600055,华润万东,0,
600056,中国医药,0,
600057,象屿股份,0,
600058,五矿发展,0,
600059,古越龙山,0,
600060,海信电器,0,
600061,国投安信,0,
600062,华润双鹤,0,
600063,皖维高新,0,
600064,南京高科,0,
600066,宇通客车,0,
600067,冠城大通,0,
600068,葛洲坝  ,0,
600070,浙江富润,0,
600072,钢构工程,0,
600073,上海梅林,0,
600074,保千里  ,0,
600075,新疆天业,0,
600076,青鸟华光,0,
600077,宋都股份,0,
600078,澄星股份,0,
600079,人福医药,0,
600080,金花股份,0,
600081,东风科技,0,
600082,海泰发展,0,
600083,博信股份,0,
600084,中葡股份,0,
600085,同仁堂  ,0,
600086,东方金钰,0,
600088,中视传媒,0,
600089,特变电工,0,
600090,啤酒花  ,0,
600093,禾嘉股份,0,
600094,大名城  ,0,
600095,哈高科  ,0,
600096,云天化  ,0,
600097,开创国际,0,
600098,广州发展,0,
600099,林海股份,0,
600100,同方股份,0,
600101,明星电力,0,
600103,青山纸业,0,
600104,上汽集团,0,
600105,永鼎股份,0,
600106,重庆路桥,0,
600107,美尔雅  ,0,
600108,亚盛集团,0,
600109,国金证券,0,
600110,中科英华,0,
600111,北方稀土,0,
600112,天成控股,0,
600113,浙江东日,0,
600114,东睦股份,0,
600115,东方航空,0,
600116,三峡水利,0,
600117,西宁特钢,0,
600118,中国卫星,0,
600119,长江投资,0,
600120,浙江东方,0,
600121,郑州煤电,0,
600122,宏图高科,0,
600123,兰花科创,0,
600125,铁龙物流,0,
600126,杭钢股份,0,
600127,金健米业,0,
600128,弘业股份,0,
600129,太极集团,0,
600130,波导股份,0,
600131,岷江水电,0,
600132,重庆啤酒,0,
600133,东湖高新,0,
600135,乐凯胶片,0,
600136,道博股份,0,
600137,浪莎股份,0,
600138,中青旅  ,0,
600139,西部资源,0,
600141,兴发集团,0,
600143,金发科技,0,
600146,商赢环球,0,
600148,长春一东,0,
600149,廊坊发展,0,
600150,中国船舶,0,
600151,航天机电,0,
600152,维科精华,0,
600153,建发股份,0,
600155,宝硕股份,0,
600156,华升股份,0,
600157,永泰能源,0,
600158,中体产业,0,
600159,大龙地产,0,
600160,巨化股份,0,
600161,天坛生物,0,
600162,香江控股,0,
600165,新日恒力,0,
600166,福田汽车,0,
600167,联美控股,0,
600168,武汉控股,0,
600169,太原重工,0,
600170,上海建工,0,
600171,上海贝岭,0,
600172,黄河旋风,0,
600173,卧龙地产,0,
600175,美都能源,0,
600176,中国巨石,0,
600177,雅戈尔  ,0,
600178,东安动力,0,
600179,黑化股份,0,
600180,瑞茂通  ,0,
600182,S佳通   ,0,
600183,生益科技,0,
600184,光电股份,0,
600185,格力地产,0,
600186,莲花味精,0,
600187,国中水务,0,
600188,兖州煤业,0,
600189,吉林森工,0,
600190,锦州港  ,0,
600191,华资实业,0,
600192,长城电工,0,
600193,创兴资源,0,
600195,中牧股份,0,
600196,复星医药,0,
600197,伊力特  ,0,
600198,大唐电信,0,
600199,金种子酒,0,
600200,江苏吴中,0,
600201,金宇集团,0,
600202,哈空调  ,0,
600203,福日电子,0,
600206,有研新材,0,
600207,安彩高科,0,
600208,新湖中宝,0,
600209,罗顿发展,0,
600210,紫江企业,0,
600211,西藏药业,0,
600212,江泉实业,0,
600213,亚星客车,0,
600215,长春经开,0,
600216,浙江医药,0,
600218,全柴动力,0,
600219,南山铝业,0,
600220,江苏阳光,0,
600221,海南航空,0,
600222,太龙药业,0,
600223,鲁商置业,0,
600225,天津松江,0,
600226,升华拜克,0,
600227,赤天化  ,0,
600228,昌九生化,0,
600229,城市传媒,0,
600230,沧州大化,0,
600231,凌钢股份,0,
600232,金鹰股份,0,
600233,大杨创世,0,
600234,山水文化,0,
600235,民丰特纸,0,
600236,桂冠电力,0,
600237,铜峰电子,0,
600238,海南椰岛,0,
600239,云南城投,0,
600240,华业资本,0,
600241,时代万恒,0,
600243,青海华鼎,0,
600246,万通地产,0,
600248,延长化建,0,
600249,两面针  ,0,
600250,南纺股份,0,
600251,冠农股份,0,
600252,中恒集团,0,
600255,鑫科材料,0,
600256,广汇能源,0,
600257,大湖股份,0,
600258,首旅酒店,0,
600259,广晟有色,0,
600260,凯乐科技,0,
600261,阳光照明,0,
600262,北方股份,0,
600266,北京城建,0,
600267,海正药业,0,
600268,国电南自,0,
600269,赣粤高速,0,
600270,外运发展,0,
600271,航天信息,0,
600272,开开实业,0,
600273,嘉化能源,0,
600275,武昌鱼  ,0,
600276,恒瑞医药,0,
600277,亿利能源,0,
600278,东方创业,0,
600279,重庆港九,0,
600280,中央商场,0,
600281,太化股份,0,
600282,南钢股份,0,
600283,钱江水利,0,
600284,浦东建设,0,
600285,羚锐制药,0,
600287,江苏舜天,0,
600288,大恒科技,0,
600289,亿阳信通,0,
600290,华仪电气,0,
600291,西水股份,0,
600292,中电远达,0,
600293,三峡新材,0,
600295,鄂尔多斯,0,
600297,XR广汇汽,0,
600298,安琪酵母,0,
600299,蓝星新材,0,
600300,维维股份,0,
600302,标准股份,0,
600303,曙光股份,0,
600305,恒顺醋业,0,
600306,商业城  ,0,
600307,酒钢宏兴,0,
600308,华泰股份,0,
600309,万华化学,0,
600310,桂东电力,0,
600311,荣华实业,0,
600312,平高电气,0,
600313,农发种业,0,
600315,上海家化,0,
600316,洪都航空,0,
600317,营口港  ,0,
600318,巢东股份,0,
600319,亚星化学,0,
600320,振华重工,0,
600321,国栋建设,0,
600322,天房发展,0,
600323,瀚蓝环境,0,
600325,华发股份,0,
600326,西藏天路,0,
600327,大东方  ,0,
600328,兰太实业,0,
600329,中新药业,0,
600330,天通股份,0,
600331,宏达股份,0,
600332,白云山  ,0,
600333,长春燃气,0,
600335,国机汽车,0,
600336,澳柯玛  ,0,
600337,美克家居,0,
600338,西藏珠峰,0,
600339,天利高新,0,
600340,华夏幸福,0,
600343,航天动力,0,
600345,长江通信,0,
600346,大橡塑  ,0,
600348,阳泉煤业,0,
600350,山东高速,0,
600351,亚宝药业,0,
600352,浙江龙盛,0,
600353,旭光股份,0,
600354,敦煌种业,0,
600355,精伦电子,0,
600356,恒丰纸业,0,
600358,国旅联合,0,
600359,新农开发,0,
600360,华微电子,0,
600361,华联综超,0,
600362,江西铜业,0,
600363,联创光电,0,
600365,通葡股份,0,
600366,宁波韵升,0,
600367,红星发展,0,
600368,五洲交通,0,
600369,西南证券,0,
600370,三房巷  ,0,
600371,万向德农,0,
600372,中航电子,0,
600373,中文传媒,0,
600375,华菱星马,0,
600376,首开股份,0,
600377,宁沪高速,0,
600378,天科股份,0,
600379,宝光股份,0,
600380,健康元  ,0,
600381,青海春天,0,
600382,广东明珠,0,
600383,金地集团,0,
600385,山东金泰,0,
600386,北巴传媒,0,
600387,海越股份,0,
600388,龙净环保,0,
600389,江山股份,0,
600390,金瑞科技,0,
600391,成发科技,0,
600392,盛和资源,0,
600393,东华实业,0,
600395,盘江股份,0,
600396,金山股份,0,
600397,安源煤业,0,
600398,海澜之家,0,
600399,抚顺特钢,0,
600400,红豆股份,0,
600403,大有能源,0,
600405,动力源  ,0,
600406,国电南瑞,0,
600409,三友化工,0,
600410,华胜天成,0,
600415,小商品城,0,
600416,湘电股份,0,
600418,江淮汽车,0,
600419,天润乳业,0,
600420,现代制药,0,
600421,仰帆控股,0,
600422,昆药集团,0,
600423,柳化股份,0,
600425,青松建化,0,
600426,华鲁恒升,0,
600428,中远航运,0,
600429,三元股份,0,
600432,吉恩镍业,0,
600433,冠豪高新,0,
600435,北方导航,0,
600436,片仔癀  ,0,
600438,通威股份,0,
600439,瑞贝卡  ,0,
600446,金证股份,0,
600448,华纺股份,0,
600449,宁夏建材,0,
600452,涪陵电力,0,
600455,博通股份,0,
600456,宝钛股份,0,
600458,时代新材,0,
600459,贵研铂业,0,
600460,士兰微  ,0,
600461,洪城水业,0,
600462,石岘纸业,0,
600463,空港股份,0,
600466,蓝光发展,0,
600467,好当家  ,0,
600468,百利电气,0,
600469,风神股份,0,
600470,六国化工,0,
600475,华光股份,0,
600476,湘邮科技,0,
600477,杭萧钢构,0,
600478,科力远  ,0,
600479,千金药业,0,
600480,凌云股份,0,
600481,双良节能,0,
600482,风帆股份,0,
600483,福能股份,0,
600485,信威集团,0,
600486,扬农化工,0,
600487,亨通光电,0,
600488,天药股份,0,
600489,中金黄金,0,
600490,鹏欣资源,0,
600491,龙元建设,0,
600493,凤竹纺织,0,
600495,晋西车轴,0,
600496,精工钢构,0,
600497,驰宏锌锗,0,
600498,烽火通信,0,
600499,科达洁能,0,
600500,中化国际,0,
600501,航天晨光,0,
600502,安徽水利,0,
600503,华丽家族,0,
600505,西昌电力,0,
600506,香梨股份,0,
600507,方大特钢,0,
600508,上海能源,0,
600509,天富能源,0,
600510,黑牡丹  ,0,
600511,国药股份,0,
600512,腾达建设,0,
600513,联环药业,0,
600515,海岛建设,0,
600516,方大炭素,0,
600517,置信电气,0,
600518,康美药业,0,
600519,贵州茅台,0,
600520,中发科技,0,
600521,华海药业,0,
600522,中天科技,0,
600523,贵航股份,0,
600525,长园集团,0,
600526,菲达环保,0,
600527,江南高纤,0,
600528,中铁二局,0,
600529,山东药玻,0,
600530,交大昂立,0,
600531,豫光金铅,0,
600532,宏达矿业,0,
600533,栖霞建设,0,
600535,天士力  ,0,
600536,中国软件,0,
600537,亿晶光电,0,
600538,国发股份,0,
600540,新赛股份,0,
600543,莫高股份,0,
600545,新疆城建,0,
600546,山煤国际,0,
600547,山东黄金,0,
600548,深高速  ,0,
600549,厦门钨业,0,
600550,保变电气,0,
600551,时代出版,0,
600552,方兴科技,0,
600555,九龙山  ,0,
600556,慧球科技,0,
600557,康缘药业,0,
600558,大西洋  ,0,
600559,老白干酒,0,
600560,金自天正,0,
600561,江西长运,0,
600562,国睿科技,0,
600563,法拉电子,0,
600565,迪马股份,0,
600566,济川药业,0,
600567,山鹰纸业,0,
600568,中珠控股,0,
600569,安阳钢铁,0,
600570,恒生电子,0,
600571,信雅达  ,0,
600572,康恩贝  ,0,
600573,惠泉啤酒,0,
600575,皖江物流,0,
600576,万家文化,0,
600577,精达股份,0,
600578,京能电力,0,
600579,天华院  ,0,
600580,卧龙电气,0,
600581,八一钢铁,0,
600582,天地科技,0,
600583,海油工程,0,
600584,长电科技,0,
600585,海螺水泥,0,
600586,金晶科技,0,
600587,新华医疗,0,
600588,用友网络,0,
600589,广东榕泰,0,
600590,泰豪科技,0,
600592,龙溪股份,0,
600593,大连圣亚,0,
600594,益佰制药,0,
600595,中孚实业,0,
600596,新安股份,0,
600597,光明乳业,0,
600598,北大荒  ,0,
600599,熊猫金控,0,
600600,青岛啤酒,0,
600601,方正科技,0,
600602,仪电电子,0,
600603,大洲兴业,0,
600604,市北高新,0,
600605,汇通能源,0,
600606,绿地控股,0,
600609,金杯汽车,0,
600610,中毅达  ,0,
600611,大众交通,0,
600612,老凤祥  ,0,
600613,神奇制药,0,
600614,鼎立股份,0,
600615,丰华股份,0,
600616,金枫酒业,0,
600617,国新能源,0,
600618,氯碱化工,0,
600619,海立股份,0,
600620,天宸股份,0,
600621,华鑫股份,0,
600622,嘉宝集团,0,
600623,双钱股份,0,
600624,复旦复华,0,
600626,申达股份,0,
600628,新世界  ,0,
600629,华建集团,0,
600630,龙头股份,0,
600633,浙报传媒,0,
600634,中技控股,0,
600635,大众公用,0,
600636,三爱富  ,0,
600637,东方明珠,0,
600638,新黄浦  ,0,
600639,浦东金桥,0,
600640,号百控股,0,
600641,万业企业,0,
600642,申能股份,0,
600643,爱建集团,0,
600645,中源协和,0,
600647,同达创业,0,
600648,外高桥  ,0,
600649,城投控股,0,
600650,锦江投资,0,
600651,飞乐音响,0,
600652,游久游戏,0,
600653,申华控股,0,
600654,中安消  ,0,
600655,豫园商城,0,
600657,信达地产,0,
600658,电子城  ,0,
600660,福耀玻璃,0,
600661,新南洋  ,0,
600662,强生控股,0,
600663,陆家嘴  ,0,
600664,哈药股份,0,
600665,天地源  ,0,
600666,奥瑞德  ,0,
600667,太极实业,0,
600668,尖峰集团,0,
600671,天目药业,0,
600673,东阳光科,0,
600674,川投能源,0,
600675,中华企业,0,
600676,交运股份,0,
600677,航天通信,0,
600678,四川金顶,0,
600679,金山开发,0,
600680,上海普天,0,
600681,万鸿集团,0,
600682,南京新百,0,
600683,京投银泰,0,
600684,珠江实业,0,
600685,中船防务,0,
600686,金龙汽车,0,
600687,刚泰控股,0,
600688,上海石化,0,
600689,上海三毛,0,
600690,青岛海尔,0,
600692,亚通股份,0,
600693,东百集团,0,
600694,大商股份,0,
600695,绿庭投资,0,
600696,匹凸匹  ,0,
600697,欧亚集团,0,
600698,湖南天雁,0,
600699,均胜电子,0,
600701,工大高新,0,
600702,沱牌舍得,0,
600703,三安光电,0,
600704,物产中大,0,
600705,中航资本,0,
600706,曲江文旅,0,
600707,彩虹股份,0,
600708,光明地产,0,
600711,盛屯矿业,0,
600712,南宁百货,0,
600713,南京医药,0,
600714,金瑞矿业,0,
600716,凤凰股份,0,
600717,天津港  ,0,
600718,东软集团,0,
600719,大连热电,0,
600720,祁连山  ,0,
600721,百花村  ,0,
600723,首商股份,0,
600724,宁波富达,0,
600725,云维股份,0,
600726,华电能源,0,
600727,鲁北化工,0,
600728,佳都科技,0,
600729,重庆百货,0,
600730,中国高科,0,
600731,湖南海利,0,
600733,S前锋   ,0,
600734,实达集团,0,
600735,新华锦  ,0,
600736,苏州高新,0,
600737,中粮屯河,0,
600738,兰州民百,0,
600739,辽宁成大,0,
600740,山西焦化,0,
600741,华域汽车,0,
600742,一汽富维,0,
600743,华远地产,0,
600744,华银电力,0,
600745,中茵股份,0,
600746,江苏索普,0,
600747,大连控股,0,
600748,上实发展,0,
600749,西藏旅游,0,
600750,江中药业,0,
600751,天海投资,0,
600753,东方银星,0,
600754,锦江股份,0,
600755,厦门国贸,0,
600756,浪潮软件,0,
600757,长江传媒,0,
600758,红阳能源,0,
600759,洲际油气,0,
600760,中航黑豹,0,
600761,安徽合力,0,
600763,通策医疗,0,
600764,中电广通,0,
600765,中航重机,0,
600766,园城黄金,0,
600767,运盛医疗,0,
600768,宁波富邦,0,
600769,祥龙电业,0,
600770,综艺股份,0,
600771,广誉远  ,0,
600773,西藏城投,0,
600774,汉商集团,0,
600775,南京熊猫,0,
600776,东方通信,0,
600777,新潮实业,0,
600778,友好集团,0,
600780,通宝能源,0,
600781,辅仁药业,0,
600782,新钢股份,0,
600783,鲁信创投,0,
600784,鲁银投资,0,
600785,新华百货,0,
600787,中储股份,0,
600789,鲁抗医药,0,
600790,轻纺城  ,0,
600791,京能置业,0,
600792,云煤能源,0,
600794,保税科技,0,
600795,国电电力,0,
600796,钱江生化,0,
600797,浙大网新,0,
600798,宁波海运,0,
600800,天津磁卡,0,
600801,华新水泥,0,
600802,福建水泥,0,
600803,新奥股份,0,
600804,鹏博士  ,0,
600805,悦达投资,0,
600806,昆明机床,0,
600807,天业股份,0,
600808,马钢股份,0,
600809,山西汾酒,0,
600810,神马股份,0,
600811,东方集团,0,
600812,华北制药,0,
600814,杭州解百,0,
600815,厦工股份,0,
600816,安信信托,0,
600818,中路股份,0,
600819,耀皮玻璃,0,
600820,隧道股份,0,
600821,津劝业  ,0,
600822,上海物贸,0,
600823,世茂股份,0,
600824,益民集团,0,
600825,新华传媒,0,
600826,兰生股份,0,
600827,百联股份,0,
600828,成商集团,0,
600829,人民同泰,0,
600830,香溢融通,0,
600831,广电网络,0,
600833,第一医药,0,
600834,申通地铁,0,
600835,上海机电,0,
600836,界龙实业,0,
600837,海通证券,0,
600838,上海九百,0,
600839,四川长虹,0,
600841,上柴股份,0,
600843,上工申贝,0,
600844,丹化科技,0,
600845,宝信软件,0,
600846,同济科技,0,
600847,万里股份,0,
600848,自仪股份,0,
600850,华东电脑,0,
600851,海欣股份,0,
600853,龙建股份,0,
600854,春兰股份,0,
600855,航天长峰,0,
600856,长百集团,0,
600857,宁波中百,0,
600858,银座股份,0,
600859,王府井  ,0,
600860,京城股份,0,
600861,北京城乡,0,
600862,南通科技,0,
600863,内蒙华电,0,
600864,哈投股份,0,
600865,百大集团,0,
600866,星湖科技,0,
600867,通化东宝,0,
600868,梅雁吉祥,0,
600869,智慧能源,0,
600871,石化油服,0,
600872,中炬高新,0,
600873,梅花生物,0,
600874,创业环保,0,
600875,东方电气,0,
600876,洛阳玻璃,0,
600877,中国嘉陵,0,
600879,航天电子,0,
600880,博瑞传播,0,
600881,亚泰集团,0,
600882,华联矿业,0,
600883,博闻科技,0,
600884,杉杉股份,0,
600885,宏发股份,0,
600886,国投电力,0,
600887,伊利股份,0,
600888,新疆众和,0,
600889,南京化纤,0,
600890,中房股份,0,
600891,秋林集团,0,
600892,宝诚股份,0,
600893,中航动力,0,
600894,广日股份,0,
600895,张江高科,0,
600896,中海海盛,0,
600897,厦门空港,0,
600898,三联商社,0,
600900,长江电力,0,
600917,重庆燃气,0,
600958,东方证券,0,
600959,江苏有线,0,
600960,渤海活塞,0,
600961,株冶集团,0,
600963,岳阳林纸,0,
600965,福成五丰,0,
600966,博汇纸业,0,
600967,北方创业,0,
600969,郴电国际,0,
600970,中材国际,0,
600971,恒源煤电,0,
600973,宝胜股份,0,
600975,新五丰  ,0,
600976,健民集团,0,
600978,宜华木业,0,
600979,广安爱众,0,
600980,北矿磁材,0,
600981,汇鸿集团,0,
600982,宁波热电,0,
600983,惠而浦  ,0,
600985,雷鸣科化,0,
600986,科达股份,0,
600987,航民股份,0,
600988,赤峰黄金,0,
600990,四创电子,0,
600992,贵绳股份,0,
600993,马应龙  ,0,
600995,文山电力,0,
600997,开滦股份,0,
600998,九州通  ,0,
600999,招商证券,0,
601000,唐山港  ,0,
601001,大同煤业,0,
601002,晋亿实业,0,
601003,柳钢股份,0,
601005,重庆钢铁,0,
601006,大秦铁路,0,
601007,金陵饭店,0,
601008,连云港  ,0,
601009,南京银行,0,
601010,文峰股份,0,
601011,宝泰隆  ,0,
601012,隆基股份,0,
601015,陕西黑猫,0,
601016,节能风电,0,
601018,宁波港  ,0,
601021,春秋航空,0,
601028,玉龙股份,0,
601038,一拖股份,0,
601058,赛轮金宇,0,
601069,西部黄金,0,
601088,中国神华,0,
601098,中南传媒,0,
601099,太平洋  ,0,
601100,恒立油缸,0,
601101,昊华能源,0,
601106,中国一重,0,
601107,四川成渝,0,
601111,中国国航,0,
601113,华鼎股份,0,
601116,三江购物,0,
601117,中国化学,0,
601118,海南橡胶,0,
601126,四方股份,0,
601137,博威合金,0,
601139,深圳燃气,0,
601158,重庆水务,0,
601166,兴业银行,0,
601168,西部矿业,0,
601169,北京银行,0,
601177,杭齿前进,0,
601179,中国西电,0,
601186,中国铁建,0,
601188,龙江交通,0,
601198,东兴证券,0,
601199,江南水务,0,
601208,东材科技,0,
601211,国泰君安,0,
601216,君正集团,0,
601218,吉鑫科技,0,
601222,林洋电子,0,
601225,陕西煤业,0,
601226,华电重工,0,
601231,环旭电子,0,
601233,桐昆股份,0,
601238,广汽集团,0,
601258,庞大集团,0,
601288,农业银行,0,
601311,骆驼股份,0,
601313,江南嘉捷,0,
601318,中国平安,0,
601328,交通银行,0,
601333,广深铁路,0,
601336,新华保险,0,
601339,百隆东方,0,
601368,绿城水务,0,
601369,陕鼓动力,0,
601377,兴业证券,0,
601388,怡球资源,0,
601390,中国中铁,0,
601398,工商银行,0,
601515,东风股份,0,
601518,吉林高速,0,
601519,大智慧  ,0,
601555,东吴证券,0,
601558,华锐风电,0,
601566,九牧王  ,0,
601567,三星医疗,0,
601579,会稽山  ,0,
601588,北辰实业,0,
601599,鹿港科技,0,
601600,中国铝业,0,
601601,中国太保,0,
601607,上海医药,0,
601608,中信重工,0,
601616,广电电气,0,
601618,中国中冶,0,
601628,中国人寿,0,
601633,长城汽车,0,
601636,旗滨集团,0,
601666,平煤股份,0,
601668,中国建筑,0,
601669,中国电建,0,
601677,明泰铝业,0,
601678,滨化股份,0,
601688,华泰证券,0,
601689,拓普集团,0,
601699,潞安环能,0,
601700,风范股份,0,
601717,郑煤机  ,0,
601718,际华集团,0,
601727,上海电气,0,
601766,中国中车,0,
601777,力帆股份,0,
601788,光大证券,0,
601789,宁波建工,0,
601798,蓝科高新,0,
601799,星宇股份,0,
601800,中国交建,0,
601801,皖新传媒,0,
601808,中海油服,0,
601818,光大银行,0,
601857,中国石油,0,
601866,中海集运,0,
601872,招商轮船,0,
601877,正泰电器,0,
601880,大连港  ,0,
601886,江河创建,0,
601888,中国国旅,0,
601890,亚星锚链,0,
601898,中煤能源,0,
601899,紫金矿业,0,
601901,方正证券,0,
601908,京运通  ,0,
601918,国投新集,0,
601919,中国远洋,0,
601928,凤凰传媒,0,
601929,吉视传媒,0,
601933,永辉超市,0,
601939,建设银行,0,
601958,金钼股份,0,
601965,中国汽研,0,
601968,宝钢包装,0,
601969,海南矿业,0,
601985,中国核电,0,
601988,中国银行,0,
601989,中国重工,0,
601991,大唐发电,0,
601992,金隅股份,0,
601996,丰林集团,0,
601998,中信银行,0,
601999,出版传媒,0,
603000,人民网  ,0,
603001,奥康国际,0,
603002,宏昌电子,0,
603003,龙宇燃油,0,
603005,晶方科技,0,
603006,联明股份,0,
603008,喜临门  ,0,
603009,北特科技,0,
603010,万盛股份,0,
603011,合锻股份,0,
603012,创力集团,0,
603015,弘讯科技,0,
603017,中衡设计,0,
603018,设计股份,0,
603019,中科曙光,0,
603020,爱普股份,0,
603021,山东华鹏,0,
603022,新通联  ,0,
603023,威帝股份,0,
603025,大豪科技,0,
603026,石大胜华,0,
603030,全筑股份,0,
603066,音飞储存,0,
603077,和邦生物,0,
603085,天成自控,0,
603088,宁波精达,0,
603099,长白山  ,0,
603100,川仪股份,0,
603108,润达医疗,0,
603111,康尼机电,0,
603116,红蜻蜓  ,0,
603117,万林股份,0,
603118,共进股份,0,
603123,翠微股份,0,
603126,中材节能,0,
603128,华贸物流,0,
603158,腾龙股份,0,
603166,福达股份,0,
603167,渤海轮渡,0,
603168,莎普爱思,0,
603169,兰石重装,0,
603188,亚邦股份,0,
603198,迎驾贡酒,0,
603199,九华旅游,0,
603222,济民制药,0,
603223,恒通股份,0,
603227,雪峰科技,0,
603268,松发股份,0,
603288,海天味业,0,
603300,华铁科技,0,
603306,华懋科技,0,
603308,应流股份,0,
603309,维力医疗,0,
603311,金海环境,0,
603315,福鞍股份,0,
603318,派思股份,0,
603328,依顿电子,0,
603333,明星电缆,0,
603338,浙江鼎力,0,
603355,莱克电气,0,
603366,日出东方,0,
603368,柳州医药,0,
603369,今世缘  ,0,
603399,新华龙  ,0,
603456,九洲药业,0,
603518,维格娜丝,0,
603519,立霸股份,0,
603555,贵人鸟  ,0,
603558,健盛集团,0,
603566,普莱柯  ,0,
603567,珍宝岛  ,0,
603568,伟明环保,0,
603588,高能环境,0,
603589,口子窖  ,0,
603598,引力传媒,0,
603599,广信股份,0,
603600,永艺股份,0,
603601,再升科技,0,
603606,东方电缆,0,
603609,禾丰牧业,0,
603611,诺力股份,0,
603616,韩建河山,0,
603618,杭电股份,0,
603636,南威软件,0,
603669,灵康药业,0,
603678,火炬电子,0,
603686,龙马环卫,0,
603688,石英股份,0,
603698,航天工程,0,
603699,纽威股份,0,
603703,盛洋科技,0,
603718,海利生物,0,
603729,龙韵股份,0,
603766,隆鑫通用,0,
603788,宁波高发,0,
603789,星光农机,0,
603799,华友钴业,0,
603806,福斯特  ,0,
603808,歌力思  ,0,
603818,曲美家居,0,
603828,柯利达  ,0,
603838,四通股份,0,
603869,北部湾旅,0,
603883,老百姓  ,0,
603885,吉祥航空,0,
603889,新澳股份,0,
603898,好莱客  ,0,
603899,晨光文具,0,
603901,永创智能,0,
603918,金桥信息,0,
603939,益丰药房,0,
603968,醋化股份,0,
603969,银龙股份,0,
603979,金诚信  ,0,
603988,中电电机,0,
603989,艾华集团,0,
603993,洛阳钼业,0,
603997,继峰股份,0,
603998,方盛制药,0,